query	group	base	exact	refined	page_type	comment
австралийский университет в дубае	Австралийский университет в Дубае	220	176	176	Страница университета	Создать страницу, оптимизировать мета-теги
агентства по поступлению в италию	Агенства по поступлению в Италию	43	20	5	Страница университета	Создать страницу, оптимизировать мета-теги
американский университет в дубае	Американский университет в Дубае	182	62	52	Страница университета	Создать страницу, оптимизировать мета-теги
аспирантура в венгрии	Аспирантура в Венгрии	9	2	2	Страница университета	Создать страницу, оптимизировать мета-теги
аспирантура в европе	Аспирантура в Европе	188	17	17	Страница университета	Создать страницу, оптимизировать мета-теги
бакалавриат в китае грант	бакалавриат в китае грант	193	12	8	Страница гранта	https://goandstudy.com/postupit-v-kitaj
бакалавриат в китай на английском	бакалавриат в китай на английском	284	0	0	Страница программы	https://goandstudy.com/bakalavriat-v-kitae-na-anglijskom
обучение в китае на английском языке бакалавриат		96	22	22		
бакалавриат в сша	Бакалавриат в США	1560	50	50	Страница программы	https://goandstudy.com/bakalavriat-v-ssha
бесплатные университеты за границей	Бесплатные университеты за границей	509	28	28	Страница университета	Создать страницу, оптимизировать мета-теги
бесплатные университеты за границей для русских		147	17	17		
бизнес школа в дубай	Бизнес школа в Дубае	33	10	0	Страница университета	https://goandstudy.com/biznes-shkola-v-dubae
бизнес школа в китай	Бизнес школы Китая	164	18	0	Страница университета	Создать страницу, оптимизировать мета-теги
венский медицинский университет австрия	Венский медицинский университет Австрия	54	21	21	Страница университета	Создать страницу, оптимизировать мета-теги
венский университет австрия	Венский университет Австрия	998	322	322	Страница университета	Создать страницу, оптимизировать мета-теги
австрия университеты на английском	ВУЗы австрии на английском	318	13	13	Страница университета	https://goandstudy.com/universitety-avstrii-na-anglijskom
университеты австрии на английском языке		151	27	13		
вуз в италию на английском	ВУЗы в Италии на английском	252	3	0	Страница университета	Создать страницу, оптимизировать мета-теги
вузы в китае для русских	ВУЗы Китая	1198	70	42	Страница университета	https://goandstudy.com/universitety-v-kitae
поступление в вуз китая		1992	149	55		
поступление в институт китая		116	6	6		
университет в китай на английском	ВУЗы Китая на английском	1937	0	0	Страница статьи 	https://goandstudy.com/blog/v-kakie-kitayskie-universitety-mozhno-postupit-s-angliyskim
университеты в китае на английском языке		1033	74	74		
высшее образование в австрии	Высшее образование в Австрии	351	76	76	Страница программы	Создать страницу, оптимизировать мета-теги
высшее образование в венгрии	Высшее образование в Венгрии	170	20	20	Страница программы	Создать страницу, оптимизировать мета-теги
бесплатное высшее образование в европе	Высшее образование в Европе	498	43	36	Страница программы	Создать страницу, оптимизировать мета-теги
высшее образование в оаэ	Высшее образование в ОАЭ	175	24	24	Страница программы	Создать страницу, оптимизировать мета-теги
высшее образование в сша	Высшее образование в США	3737	124	124	Страница программы	https://goandstudy.com/vysshee-obrazovanie-v-ssha
обучение в сша высшее образование		17	0	0		
высшее образование за границей	Высшее образование за границей	3807	133	133	Страница программы	Создать страницу, оптимизировать мета-теги
грант в китай	Гранты в Китае	11955	230	50	"Страница гранта
"	https://goandstudy.com/grant-v-kitaj
грант в китай на обучение бесплатно		145	77	68		
грант на обучение в китае		2203	371	125		
гранты на обучение в китае для русских		261	86	61		
получение гранта в китай		185	4	0		
учеба в китае по гранту		150	60	48		
грант на обучение в японии	Гранты в Японию	227	79	36	Страница гранта	Создать страницу, оптимизировать мета-теги
гранты на обучение в японии для россии		28	28	28		
грант в дубай	Гранты Дубай	148	1	0	Страница гранта	Создать страницу, оптимизировать мета-теги
грант на обучение в дубае		19	5	5		
гранты в сша для русских	Гранты на образование в США	133	22	22	Страница гранта	https://goandstudy.com/granty-v-ssha
гранты на обучение в испании	Гранты на обучение в Испании	143	40	40	Страница гранта	Создать страницу, оптимизировать мета-теги
гранд на учебу за границей	Гранты на обучение за границей	17	0	0	Страница гранта	Создать страницу, оптимизировать мета-теги
грант на бесплатное обучение за границей		6	0	0		
грант на обучение за границей		1236	146	68		
гранты на бакалавриат за границей		96	0	0		
поступление за границу на грант		171	62	47		
стипендии для учебы за границей		6	3	3		
гранты на языковой год в китае	Гранты на языковой год в Китае	1110	168	97	Страница гранта	https://goandstudy.com/grant-na-yazykovye-kursy-v-kitae
гранты на языковые курсы в китае	Гранты на языковые курсы	508	110	26	Страница гранта	Создать страницу, оптимизировать мета-теги
учеба за границей дистанционно	Дисстанционное образование за границей	20	7	7	Страница поступления	Создать страницу, оптимизировать мета-теги
колледж в австралии	Колледж в Австралии	707	56	20	Страница программы	Создать страницу, оптимизировать мета-теги
колледжи в китае гранты	Колледжи в Китае гранты	152	152	152	Страница гранта	Создать страницу, оптимизировать мета-теги
колледжи в китае гранты после 9	Колледжи в Китае гранты после 9	30	0	0	Страница программы	Создать страницу, оптимизировать мета-теги
колледж в сша	Колледжи в США	14172	287	201	Страница программы	https://goandstudy.com/kolledzhi-v-ssha
колледжи в сша для иностранцев		65	2	2		
колледжи за границей для русских	Колледжи за границей	424	0	0	Страница школ	Создать страницу, оптимизировать мета-теги
поступление в колледж за границей		155	7	7		
учеба за границей после колледжа		245	43	43		
колледжи за границей после 9 класса	Колледжи за границей после 9	964	112	97	Страница школ	Создать страницу, оптимизировать мета-теги
магистратура в австралии	Магистратура в Австралии	677	124	124	Страница программы	Создать страницу, оптимизировать мета-теги
магистратура в австрии для русских	Магистратура в Австрии	405	341	341	Страница программы	https://goandstudy.com/magistratura-v-avstrii
магистратура в австрии на английском языке		15	2	2		
магистратура в венгрии	Магистратура в Венгрии	224	42	42	Страница программы	Создать страницу, оптимизировать мета-теги
магистратура в дубае для русских	Магистратура в Дубае	31	17	17	Страница программы	https://goandstudy.com/magistratura-v-dubae
магистратура в оаэ для россиян	Магистратура в ОАЭ	3	3	3	Страница программы	https://goandstudy.com/magistratura-v-oae
магистратура в сша	Магистратура в США	3319	192	187	Страница программы	https://goandstudy.com/magistratura-v-ssha
поступление в сша на магистратуру		126	44	44		
магистратура в сша после российского вуза		172	124	124		
магистратура за границей	Магистратура за границей	6522	573	563	Страница программы	Создать страницу, оптимизировать мета-теги
магистратура за границей программы		88	4	0		
обучение за границей магистратура		252	10	10		
поступление в магистратуру за границей		424	98	62		
учеба за границей магистратура		117	10	10		
образование в австрии россия	Образование в Австрии	298	1	1	Страница программы	https://goandstudy.com/vysshee-obrazovanie-v-avstrii
образование в венгрии	Образование в Венгрии	3656	27	26	Страница программы	Создать страницу, оптимизировать мета-теги
образование в венгрии для россиян		38	22	22		
высшее образование в дубае	Образование в Дубае	410	21	15	Страница программы	https://goandstudy.com/vysshee-obrazovanie-v-dubae
высшее образование в дубае для россиян		26	20	20		
образование в дубае для русских		26	14	14		
образование в дубай бесплатно		24	0	0		
получить образование в дубае		20	0	0		
образование в европе	Образование в Европе	68417	43	43	Страница программы	Создать страницу, оптимизировать мета-теги
образование обучение в европе		533	0	0		
образование в европе заочно	Образование в Европе заочно	25	6	0	Страница программы	Создать страницу, оптимизировать мета-теги
образование в оаэ	Образование в ОАЭ	672	56	56	Страница программы	Создать страницу, оптимизировать мета-теги
образование в сша	Образование в США	33380	340	326	Страница программы	
образование за границей	Образование за границей	18355	78	78	Страница программы	Создать страницу, оптимизировать мета-теги
образование за границей для русских		590	108	108		
обучение за границей вуз		816	0	0		
обучение за границей после вуза		56	0	0		
учеба за границей для русских после колледжа	Обучение за границей после колледжа	50	28	28	Страница программы	Создать страницу, оптимизировать мета-теги
бакалавриат в нидерландах	обучение на бакалавриате в нидерландах	198	4	4	Страница программы	Создать страницу, оптимизировать мета-теги
обучение на бакалавриате в нидерландах		24	0	0		
поступить на бакалавриат в нидерланды		24	0	0		
обучение языковую школу ирландия	поступление языковую школу ирландия	0	0	0	Страница языковых курсов	Создать страницу, оптимизировать мета-теги
поступление языковую школу ирландия		0	0	0		
помощь в поступлении в вуз за границей	помощь в поступлении в вуз за границей	251	103	103	Страница университетов	Создать страницу, оптимизировать мета-теги
помощь с поступлением в вузы италии	Помощь с поступлением в вузы Италии	7	7	7	Страница университетов	Создать страницу, оптимизировать мета-теги
вуз ирландии	поступить в вуз ирландии	388	66	0	Страница университетов	Создать страницу, оптимизировать мета-теги
поступить в ирландию после 11 класса		21	21	21		
поступить в голландию	поступить в голландию	32	32	32	Страница стран	Создать страницу, оптимизировать мета-теги
университет в австралии	Поступить в университет в Австралию	1341	62	14	Страница университетов	Создать страницу, оптимизировать мета-теги
обучение на бакалавриат франция	поступить во францию	27	0	0	Страница стран	Создать страницу, оптимизировать мета-теги
поступить во францию		3997	61	61		
поступить во францию бесплатно		252	9	9		
поступление на бакалавриат франция		9	0	0		
поступить на магистратуру в нидерланды	поступить на магистратуру в нидерланды	13	13	13	Страница программы	Создать страницу, оптимизировать мета-теги
поступить в колледж в австрии	Поступление в Австрию	169	18	4	Страница стран	https://goandstudy.com/postupit-v-avstriyu
поступление австрии помощь		24	24	24		
поступление в англию в университет	Поступление в Англию в университет	84	6	6	"Страница стран
"	Создать страницу, оптимизировать мета-теги
обучение в аспирантуру ирландия	поступление в аспирантуру ирландия	0	0	0	Страница программ	Создать страницу, оптимизировать мета-теги
поступление в аспирантуру ирландия		0	0	0		
поступление в аспирантуру нидерланды	поступление в аспирантуру нидерланды	0	0	0	Страница программ	Создать страницу, оптимизировать мета-теги
обучение в аспирантуру нидерланды		0	0	0		
обучение в аспирантуру франция	поступление в аспирантуру франция	0	0	0	Страница программ	Создать страницу, оптимизировать мета-теги
поступление в аспирантуру франция		0	0	0		
обучение в бизнес школу ирландия	поступление в бизнес школу ирландия	0	0	0	Страница программ	Создать страницу, оптимизировать мета-теги
поступление в бизнес школу ирландия		0	0	0		
обучение в бизнес школу нидерланды	поступление в бизнес школу нидерланды	0	0	0	Страница программ	Создать страницу, оптимизировать мета-теги
поступление в бизнес школу нидерланды		3	0	0		
обучение в бизнес школу франция	поступление в бизнес школу франция	9	0	0	Страница программ	Создать страницу, оптимизировать мета-теги
поступление в бизнес школу франция		0	0	0		
поступление в великобританию	Поступление в Великобританию	685	26	20	Страница стран	https://goandstudy.com/postuplenie-v-velikobritaniyu
поступление в вузы великобритании		24	1	0		
поступление в колледжи и университеты в великобритании		33	9	3		
поступление в венгрию из россии	Поступление в Венгрию	173	102	102	Страница стран	Создать страницу, оптимизировать мета-теги
поступление в гонконг	Поступление в Гонконг	320	17	17	Страница стран	Создать страницу, оптимизировать мета-теги
поступление в дубай	Поступление в Дубай	340	31	22	Страница стран	Создать страницу, оптимизировать мета-теги
магистратура в европе онлайн	Поступление в Европу на магистратуру онлайн	14	9	9	Страница поступления	Создать страницу, оптимизировать мета-теги
поступить в ирландию россиянину	поступление в Ирландию	0	0	0	Страница стран	Создать страницу, оптимизировать мета-теги
поступление в испанию	Поступление в Испанию	4305	164	156	Страница стран	Создать страницу, оптимизировать мета-теги
поступление в испанию из россии		230	6	6		
поступление в испанию после 11 класса		142	10	10		
италия поступление в вуз для русских	Поступление в Италию	391	184	177	Страница стран	Создать страницу, оптимизировать мета-теги
поступление в вузы италии		829	65	14		
поступление в италию		6013	560	544		
поступление в университет в италии		643	45	10		
поступление в италию на бакалавриат	Поступление в Италию на бакалавриат	256	62	62	Страница программ	Создать страницу, оптимизировать мета-теги
поступление в италию на магистратуру	Поступление в Италию на магистратуру	378	137	137	Страница программ	Создать страницу, оптимизировать мета-теги
поступление в канаду	Поступление в Канаду	1582	173	173	Страница стран	Создать страницу, оптимизировать мета-теги
поступление в канаду из россии		230	65	65		
поступление в китай	Поступление в Китай	19739	1066	1052	Страница стран	https://goandstudy.com/postupit-v-kitaj
поступление в китай после 11		1622	140	140		
поступление в китай после 11 класса		1261	411	411		
поступление в китай после 11 класса бесплатно		35	33	33		
поступление в китай после 9 класса	Поступление в Китай после 9	1335	390	390	Теговая страница	Создать страницу, оптимизировать мета-теги
учеба в китае после 9 класса		1217	395	365		
поступление в китай после колледжа		502	85	85		
поступление в колледж китая	Поступление в колледж Китая	1023	67	22	Страница программ	Создать страницу, оптимизировать мета-теги
поступление в колледжи португалии из россии	Поступление в колледжи Португалии	0	0	0	Страница программ	Создать страницу, оптимизировать мета-теги
магистратура в европе бесплатно	Поступление в магистратуру в Европе	140	16	6	Страница программ	Создать страницу, оптимизировать мета-теги
магистратура в европе бесплатно для россиян		10	5	5		
магистратура в европе для русских		77	52	52		
обучение в магистратуре в европе		81	11	0		
поступление в магистратуру в европу		226	23	9		
поступление в магистратуру в японии	Поступление в магистратуру в Японию	50	9	0	Страница программ	Создать страницу, оптимизировать мета-теги
нидерланды поступление в вуз	поступление в нидерланды	126	42	36	Страница стран	Создать страницу, оптимизировать мета-теги
поступить в вуз в нидерланды		57	6	6		
поступление в нидерланды		613	80	80		
поступление в нидерланды после 11 класса		58	58	58		
поступление в сербию	Поступление в Сербию	1307	169	163	Страница стран	Создать страницу, оптимизировать мета-теги
поступление в сербию для русских		208	80	80		
поступление в сингапур	Поступление в Сингапур	246	28	28	Страница стран	Создать страницу, оптимизировать мета-теги
поступить в вуз сша из россии	Поступление в сша	202	20	20	Страница стран	https://goandstudy.com/postupit-v-ssha
поступление в вуз сша		1257	44	33		
поступление в сша		7640	184	184		
поступление в сша на грант		75	20	20		
поступление в сша на полное финансирование		33	23	23		
поступить в сша в медицинский университет	Поступить в сша в медицинский университет	0	0	0	Страница университета	Создать страницу, оптимизировать мета-теги
поступить в университет сша после колледжа	Поступление в США после колледжа	313	0	0	Теговая страница	Создать страницу, оптимизировать мета-теги
поступление в сша после колледжа		114	29	29		
поступление в сша после 9 класса		92	16	16		
поступление в чехию	Поступление в Чехию	1304	169	169	Страница стран	Создать страницу, оптимизировать мета-теги
поступление в чехию после 11	Поступление в Чехию после 11	279	21	21	Теговая страница	Создать страницу, оптимизировать мета-теги
поступление в чехию после 11 класса		241	29	29		
поступление в вуз южной кореи	Поступление в Южную Корею	51	0	0	Страница стран	Создать страницу, оптимизировать мета-теги
поступление в южную корею		1082	21	21		
южная корея поступление в университет		201	15	11		
поступление в вуз японии	Поступление в Японию	154	2	0	Страница стран	Создать страницу, оптимизировать мета-теги
поступление в японию		1853	77	70		
поступление в японию из россии		117	40	40		
университет в японию бесплатно		85	0	0		
япония поступление в университет		174	0	0		
поступление в японию после 11 класса	Поступление в Японию после 11	37	9	9	Теговая страница	Создать страницу, оптимизировать мета-теги
поступить в вуз за границей бесплатно	поступление в вуз за границей	106	13	13	Страница университета	Создать страницу, оптимизировать мета-теги
поступление в вуз за границей		1342	89	79		
поступление за границу после колледжа	Поступление за границу после колледжа	253	71	67	Страница поступления	Создать страницу, оптимизировать мета-теги
обучение на бакалавриат ирландия	поступление на бакалавриат ирландия	3	0	0	Страница программ	Создать страницу, оптимизировать мета-теги
поступление на бакалавриат ирландия		3	0	0		
обучение на магистратуру ирландия		0	0	0		
поступление на магистратуру ирландия		3	0	0		
обучение на магистратуру франция	поступление на магистратуру франция	36	0	0	Страница программ	Создать страницу, оптимизировать мета-теги
поступление на магистратуру франция		27	0	0		
поступление в китай магистратура	Поступление на магистртуру в Китай	1142	90	42	Страница программ	https://goandstudy.com/magistratura-v-kitae
обучение языковую школу франция	поступление языковую школу франция	3	0	0	Страница языковых школ	Создать страницу, оптимизировать мета-теги
поступление языковую школу франция		3	0	0		
гранты на обучение за границей магистратура	Стипендии на обучение за границей на магистратуру	4	0	0	Страница программ	Создать страницу, оптимизировать мета-теги
стипендия магистратура за границей		34	0	0		
университет в сиднее австралия	Университет в Сиднее	20	3	0	Теговая страница	Создать страницу, оптимизировать мета-теги
университет в сша гарвард	Университет Гарвард США	72	8	6	Страница университетов	Создать страницу, оптимизировать мета-теги
университет граца австрия	Университет Граца Австрия	451	172	74	Страница университетов	Создать страницу, оптимизировать мета-теги
университет джорджии в сша	Университет Джорджии США	71	10	10	Страница университетов	Создать страницу, оптимизировать мета-теги
университет ель в сша	Университет Йель в США	97	81	78	Страница университетов	Создать страницу, оптимизировать мета-теги
университет йель в сша	Университет Йель в США	49	30	30	Страница университетов	Создать страницу, оптимизировать мета-теги
университет стэнфорда в сша	Университет Стэнфорда США	179	0	0	Страница университетов	Создать страницу, оптимизировать мета-теги
университет в венгрии	Университеты в Венгрии	1385	44	24	Страница университетов	Создать страницу, оптимизировать мета-теги
обучение в университетах европы	Университеты в Европе	373	0	0	Страница университетов	Создать страницу, оптимизировать мета-теги
университеты в европе бесплатное обучение		34	7	7		
университеты в европе для русских		122	12	12		
оаэ обучение в университете	Университеты в ОАЭ	40	0	0	Страница университетов	https://goandstudy.com/universitety-oae
университет в оаэ		764	41	18		
вуз в сша	Университеты в США	11447	123	7	Страница университетов	https://goandstudy.com/universitety-v-ssha
университет в сша		27781	511	167		
поступление в университет сша		780	16	8		
университеты вены австрия	Университеты Вены Австрия	314	39	27	Страница университетов	Создать страницу, оптимизировать мета-теги
вуз в дубае для русских	Университеты Дубай	0	0	0	Страница университетов	https://goandstudy.com/universitety-dubaya
вузы в дубае для русскоговорящих		96	57	57		
поступление в дубай университет		79	32	26		
университет в дубае для русских		128	32	28		
университеты бизнеса в дубае		106	3	0		
университеты в дубае для русскоговорящих		60	41	41		
бесплатные вузы за границей для русских	Университеты за границей	97	47	22	Страница университетов	Создать страницу, оптимизировать мета-теги
вузы за границей для русских		636	167	167		
вузы за границей с бесплатным обучением		100	33	33		
университеты за границей для русских		1278	257	173		
учеба за границей университеты		520	0	0		
университеты после 11 класса за границей	Университеты после 11 класса за границей	551	11	11	Страница университетов	Создать страницу, оптимизировать мета-теги
университет линца австрия	Унивеситет линца Австрия	44	31	22	Страница университетов	Создать страницу, оптимизировать мета-теги
бесплатное образование в австралии	Учеба в Австралии	29	0	0	Страница стран	Создать страницу, оптимизировать мета-теги
образование в австралии		1929	71	66		
учеба в дубае для русских	Учеба в Дубае	47	15	15	Теговая	
учеба в европе	Учеба в Европе	2812	65	65	Страница стран	Создать страницу, оптимизировать мета-теги
учеба в европе для русских		226	58	58		
учеба в европе для русских бесплатно		10	10	10		
учеба в китае для русских	Учеба в Китае	5422	1807	1807	Страница стран	Создать страницу, оптимизировать мета-теги
учеба за границей китай		141	8	8		
учеба в китае магистратура	Учеба в Китае магистратура	250	27	27	Страница программ	https://goandstudy.com/magistratura-v-kitae
учеба в китае на английском	Учеба в Китае на английском	116	30	30	Теговая	
учеба в сербии для русских бесплатно	Учеба в Сербии	11	7	7	Страница стран	Создать страницу, оптимизировать мета-теги
учеба в сербию бесплатно		15	0	0		
обучение в вузе сша	Учеба в США	699	0	0	Страница стран	Создать страницу, оптимизировать мета-теги
учеба в сша		7236	253	253		
учеба в японии бесплатно	Учеба в Японии	23	0	0	Страница стран	Создать страницу, оптимизировать мета-теги
учеба в японии для русских		193	98	98		
бесплатная учеба за границей для русских	Учеба за границей	350	170	150	Главная	https://goandstudy.com/
учеба за границей		16396	1136	1105		
учеба за границей бесплатно		1310	102	72		
учеба за границей бесплатно для россиян		490	307	307		
учеба за границей для россиян		582	44	44		
учеба за границей для русских		1857	550	550		
учеба за границей из россии		104	0	0		
учеба за границей на английском	Учеба за границей на английском	149	12	12	Страница программ	Создать страницу, оптимизировать мета-теги
бесплатная учеба за границей после 11	Учеба за границей после 11	91	0	0	Страница программ	Создать страницу, оптимизировать мета-теги
учеба за границей для русских после 11		266	27	27		
учеба за границей после 11		547	0	0		
учеба за границей после 11 класса		486	75	75		
учеба за границей после 9	Учеба за границей после 9	184	0	0	Страница программ	Создать страницу, оптимизировать мета-теги
учеба за границей после 9 класса		193	39	39		
учеба за границей после 9 класса бесплатно		14	13	11		
языковые курсы в австралии	Языковые курсы в Австралии	227	79	72	Страница языковых курсов	Создать страницу, оптимизировать мета-теги
языковые курсы в дубае для русских	Языковые курсы в Дубае	33	19	19	Страница языковых курсов	Создать страницу, оптимизировать мета-теги
языковые курсы в европе для русских	Языковые курсы в Европе	1	1	1	Страница языковых курсов	Создать страницу, оптимизировать мета-теги
китайские языковые курсы в китае	Языковые курсы в Китае	434	82	26	Страница языковых курсов	https://goandstudy.com/yazykovye-kursy-kitajskogo-yazyka-v-kitae
обучение в китае языковые курсы		231	7	7		
поступление на языковые курсы в китай		430	93	93		
учеба в китае языковые курсы		60	14	14		
языковые курсы в китае бесплатно		210	28	0		
языковые курсы в китае для русских		1066	450	446		
языковые курсы китайского языка в китае		208	55	55		
языковые курсы в китае при университетах	Языковые курсы в Китае при университетах	437	227	211	Страница языковых курсов	
языковые курсы в японии для русских	Языковые курсы в Японии	158	77	77	Страница языковых курсов	Создать страницу, оптимизировать мета-теги
языковые курсы за границей	Языковые курсы за границей	1155	123	117	Страница языковых курсов	Создать страницу, оптимизировать мета-теги
языковые курсы за границей английский	Языковые курсы за границей английский	567	306	104	Страница языковых курсов	Создать страницу, оптимизировать мета-теги
обучение в сша языковые курсы	Языковые курсы США	26	0	0	Страница языковых курсов	https://goandstudy.com/yazykovye-kursy-v-ssha
языковые курсы в сша		7358	1423	1414		
языковые курсы в сша для русских		1603	551	551		
